{"cameraMode":{"drawMode":0,"name":"Shaded","section":"Shading Mode"},"sceneLighting":true,"audioPlay":false,"sceneViewState":{"showFog":true,"showMaterialUpdate":false,"showSkybox":true,"showFlares":true,"showImageEffects":true,"showParticleSystems":true},"in2DMode":false,"pivot":{"x":-6.027525901794434,"y":24.12753677368164,"z":58.54341506958008},"rotation":{"x":0.031186603009700776,"y":-0.7015421390533447,"z":0.030748633667826654,"w":0.7112809419631958},"size":207.74783325195313,"orthographic":false}