{"cameraMode":{"drawMode":0,"name":"Shaded","section":"Shading Mode"},"sceneLighting":true,"audioPlay":false,"sceneViewState":{"showFog":true,"showMaterialUpdate":false,"showSkybox":true,"showFlares":true,"showImageEffects":true,"showParticleSystems":true},"in2DMode":false,"pivot":{"x":17.020118713378908,"y":5.135234832763672,"z":-14.590063095092774},"rotation":{"x":0.01930752769112587,"y":-0.011002602055668831,"z":0.0002125949104083702,"w":0.9997530579566956},"size":10.0,"orthographic":false}