{"cameraMode":{"drawMode":0,"name":"Shaded","section":"Shading Mode"},"sceneLighting":true,"audioPlay":false,"sceneViewState":{"showFog":true,"showMaterialUpdate":false,"showSkybox":true,"showFlares":true,"showImageEffects":true,"showParticleSystems":true},"in2DMode":false,"pivot":{"x":19.54309844970703,"y":28.73182487487793,"z":49.25999450683594},"rotation":{"x":-0.0332309864461422,"y":0.9560729265213013,"z":-0.11964965611696243,"w":-0.2655266225337982},"size":167.28871154785157,"orthographic":true}