{"cameraMode":{"drawMode":0,"name":"Shaded","section":"Shading Mode"},"sceneLighting":true,"audioPlay":false,"sceneViewState":{"showFog":true,"showMaterialUpdate":false,"showSkybox":true,"showFlares":true,"showImageEffects":true,"showParticleSystems":true},"in2DMode":false,"pivot":{"x":1.0718793869018555,"y":9.164461135864258,"z":75.25665283203125},"rotation":{"x":-0.0744609385728836,"y":0.6809160113334656,"z":-0.06990181654691696,"w":-0.7252053022384644},"size":79.50166320800781,"orthographic":false}