{"cameraMode":{"drawMode":0,"name":"Shaded","section":"Shading Mode"},"sceneLighting":true,"audioPlay":false,"sceneViewState":{"showFog":true,"showMaterialUpdate":false,"showSkybox":true,"showFlares":true,"showImageEffects":true,"showParticleSystems":true},"in2DMode":false,"pivot":{"x":-1.2606239318847657,"y":4.673894882202148,"z":66.51127624511719},"rotation":{"x":0.053901005536317828,"y":-0.7096652388572693,"z":0.05461481586098671,"w":0.7003479599952698},"size":112.04367065429688,"orthographic":false}