{"cameraMode":{"drawMode":0,"name":"Shaded","section":"Shading Mode"},"sceneLighting":false,"audioPlay":false,"sceneViewState":{"showFog":true,"showMaterialUpdate":false,"showSkybox":true,"showFlares":true,"showImageEffects":true,"showParticleSystems":true},"in2DMode":false,"pivot":{"x":-2.7373790740966799,"y":4.3470234870910648,"z":-9.44312572479248},"rotation":{"x":-0.24304570257663728,"y":-0.4693445563316345,"z":0.13613730669021607,"w":-0.8379207253456116},"size":4.041658878326416,"orthographic":false}