{"cameraMode":{"drawMode":0,"name":"Shaded","section":"Shading Mode"},"sceneLighting":true,"audioPlay":false,"sceneViewState":{"showFog":true,"showMaterialUpdate":false,"showSkybox":true,"showFlares":true,"showImageEffects":true,"showParticleSystems":true},"in2DMode":false,"pivot":{"x":15.253337860107422,"y":11.900218963623047,"z":58.12744140625},"rotation":{"x":-0.013762412592768669,"y":-0.6967268586158752,"z":-0.013372307643294335,"w":0.7170798778533936},"size":128.77352905273438,"orthographic":false}