{"cameraMode":{"drawMode":0,"name":"Shaded","section":"Shading Mode"},"sceneLighting":true,"audioPlay":false,"sceneViewState":{"showFog":true,"showMaterialUpdate":false,"showSkybox":true,"showFlares":true,"showImageEffects":true,"showParticleSystems":true},"in2DMode":false,"pivot":{"x":13.929840087890625,"y":21.579421997070314,"z":47.98313522338867},"rotation":{"x":-0.004809973295778036,"y":-0.000587123038712889,"z":0.0000026836162305698964,"w":-0.999988317489624},"size":145.25027465820313,"orthographic":false}