{"cameraMode":{"drawMode":0,"name":"Shaded","section":"Shading Mode"},"sceneLighting":true,"audioPlay":false,"sceneViewState":{"showFog":true,"showMaterialUpdate":false,"showSkybox":true,"showFlares":true,"showImageEffects":true,"showParticleSystems":true},"in2DMode":false,"pivot":{"x":10.59670352935791,"y":3.6512069702148439,"z":-17.376840591430665},"rotation":{"x":0.025311285629868509,"y":-0.4139830470085144,"z":0.011517014354467392,"w":0.9098597764968872},"size":12.461819648742676,"orthographic":false}