{"cameraMode":{"drawMode":0,"name":"Shaded","section":"Shading Mode"},"sceneLighting":true,"audioPlay":false,"sceneViewState":{"showFog":true,"showMaterialUpdate":false,"showSkybox":true,"showFlares":true,"showImageEffects":true,"showParticleSystems":true},"in2DMode":false,"pivot":{"x":17.659385681152345,"y":19.49691390991211,"z":-15.33519458770752},"rotation":{"x":-0.1840832382440567,"y":0.6540782451629639,"z":-0.16862450540065766,"w":-0.7140454053878784},"size":12.770404815673829,"orthographic":false}