{"cameraMode":{"drawMode":0,"name":"Shaded","section":"Shading Mode"},"sceneLighting":true,"audioPlay":false,"sceneViewState":{"showFog":true,"showMaterialUpdate":false,"showSkybox":true,"showFlares":true,"showImageEffects":true,"showParticleSystems":true},"in2DMode":false,"pivot":{"x":-14.48312759399414,"y":69.58031463623047,"z":264.52423095703127},"rotation":{"x":-0.05622636154294014,"y":0.7067551612854004,"z":-0.05652134492993355,"w":-0.7029517292976379},"size":300.4775390625,"orthographic":false}