{"cameraMode":{"drawMode":0,"name":"Shaded","section":"Shading Mode"},"sceneLighting":true,"audioPlay":false,"sceneViewState":{"showFog":true,"showMaterialUpdate":false,"showSkybox":true,"showFlares":true,"showImageEffects":true,"showParticleSystems":true},"in2DMode":false,"pivot":{"x":18.56024932861328,"y":14.84775447845459,"z":-2.1067447662353517},"rotation":{"x":-0.19962584972381593,"y":0.6226541996002197,"z":-0.1685168445110321,"w":-0.737599790096283},"size":10.920249938964844,"orthographic":false}