{"cameraMode":{"drawMode":0,"name":"Shaded","section":"Shading Mode"},"sceneLighting":true,"audioPlay":false,"sceneViewState":{"showFog":true,"showMaterialUpdate":false,"showSkybox":true,"showFlares":true,"showImageEffects":true,"showParticleSystems":true},"in2DMode":false,"pivot":{"x":-0.9535021185874939,"y":18.85086441040039,"z":13.54515552520752},"rotation":{"x":-0.08699749410152435,"y":0.7015299797058106,"z":-0.08694802969694138,"w":-0.7019452452659607},"size":98.30164337158203,"orthographic":false}