{"cameraMode":{"drawMode":0,"name":"Shaded","section":"Shading Mode"},"sceneLighting":true,"audioPlay":false,"sceneViewState":{"showFog":true,"showMaterialUpdate":false,"showSkybox":true,"showFlares":true,"showImageEffects":true,"showParticleSystems":true},"in2DMode":false,"pivot":{"x":-0.0760461688041687,"y":81.36515808105469,"z":75.21590423583985},"rotation":{"x":-0.052472203969955447,"y":0.7007235288619995,"z":-0.051814012229442599,"w":-0.7096115350723267},"size":162.9174041748047,"orthographic":false}