{"cameraMode":{"drawMode":0,"name":"Shaded","section":"Shading Mode"},"sceneLighting":true,"audioPlay":false,"sceneViewState":{"showFog":true,"showMaterialUpdate":false,"showSkybox":true,"showFlares":true,"showImageEffects":true,"showParticleSystems":true},"in2DMode":false,"pivot":{"x":-64.256591796875,"y":-41.4250373840332,"z":-9.022740364074707},"rotation":{"x":-0.1722322404384613,"y":0.7700576782226563,"z":-0.23341408371925355,"w":-0.5682121515274048},"size":154.0962677001953,"orthographic":false}