{"cameraMode":{"drawMode":0,"name":"Shaded","section":"Shading Mode"},"sceneLighting":true,"audioPlay":false,"sceneViewState":{"showFog":true,"showMaterialUpdate":false,"showSkybox":true,"showFlares":true,"showImageEffects":true,"showParticleSystems":true},"in2DMode":false,"pivot":{"x":0.2219403088092804,"y":16.999786376953126,"z":11.125480651855469},"rotation":{"x":-0.030653808265924455,"y":0.7135970592498779,"z":-0.031280357390642169,"w":-0.6991861462593079},"size":63.10502243041992,"orthographic":false}