{"cameraMode":{"drawMode":0,"name":"Shaded","section":"Shading Mode"},"sceneLighting":true,"audioPlay":false,"sceneViewState":{"showFog":true,"showMaterialUpdate":false,"showSkybox":true,"showFlares":true,"showImageEffects":true,"showParticleSystems":true},"in2DMode":false,"pivot":{"x":10.07718276977539,"y":6.5491156578063969,"z":2.3372185230255129},"rotation":{"x":-0.10919322818517685,"y":0.829529881477356,"z":-0.17447634041309358,"w":-0.5191485285758972},"size":10.0,"orthographic":false}